{
    "Bowling": {
        "precision": 0.9347826086956522,
        "recall": 0.9591078066914498,
        "f1-score": 0.9467889908256881,
        "support": 538.0
    },
    "Field": {
        "precision": 0.8971428571428571,
        "recall": 0.9075144508670521,
        "f1-score": 0.9022988505747127,
        "support": 692.0
    },
    "Misc": {
        "precision": 0.9395833333333333,
        "recall": 0.9185336048879837,
        "f1-score": 0.9289392378990732,
        "support": 982.0
    },
    "micro avg": {
        "precision": 0.9249547920433996,
        "recall": 0.9249547920433996,
        "f1-score": 0.9249547920433996,
        "support": 2212.0
    },
    "macro avg": {
        "precision": 0.9238362663906142,
        "recall": 0.9283852874821618,
        "f1-score": 0.926009026433158,
        "support": 2212.0
    },
    "weighted avg": {
        "precision": 0.925138668153007,
        "recall": 0.9249547920433996,
        "f1-score": 0.9249464797824644,
        "support": 2212.0
    },
    "samples avg": {
        "precision": 0.9249547920433996,
        "recall": 0.9249547920433996,
        "f1-score": 0.9249547920433996,
        "support": 2212.0
    }
}