{
    "Bowling": {
        "precision": 0.9774011299435028,
        "recall": 0.9646840148698885,
        "f1-score": 0.971000935453695,
        "support": 538.0
    },
    "Field": {
        "precision": 0.8031980319803198,
        "recall": 0.9436416184971098,
        "f1-score": 0.8677740863787375,
        "support": 692.0
    },
    "Misc": {
        "precision": 0.9631336405529954,
        "recall": 0.8513238289205702,
        "f1-score": 0.9037837837837838,
        "support": 982.0
    },
    "micro avg": {
        "precision": 0.9077757685352622,
        "recall": 0.9077757685352622,
        "f1-score": 0.9077757685352622,
        "support": 2212.0
    },
    "macro avg": {
        "precision": 0.914577600825606,
        "recall": 0.9198831540958562,
        "f1-score": 0.9141862685387387,
        "support": 2212.0
    },
    "weighted avg": {
        "precision": 0.9165696569001028,
        "recall": 0.9077757685352622,
        "f1-score": 0.9088670193145796,
        "support": 2212.0
    },
    "samples avg": {
        "precision": 0.9077757685352622,
        "recall": 0.9077757685352622,
        "f1-score": 0.9077757685352622,
        "support": 2212.0
    }
}