{
    "Bowling": {
        "precision": 0.9720149253731343,
        "recall": 0.9702048417132216,
        "f1-score": 0.9711090400745573,
        "support": 537.0
    },
    "Field": {
        "precision": 0.8906832298136645,
        "recall": 0.89625,
        "f1-score": 0.8934579439252336,
        "support": 800.0
    },
    "Misc": {
        "precision": 0.9194476409666283,
        "recall": 0.9152348224513173,
        "f1-score": 0.9173363949483352,
        "support": 873.0
    },
    "micro avg": {
        "precision": 0.9217194570135746,
        "recall": 0.9217194570135746,
        "f1-score": 0.9217194570135746,
        "support": 2210.0
    },
    "macro avg": {
        "precision": 0.9273819320511425,
        "recall": 0.9272298880548463,
        "f1-score": 0.927301126316042,
        "support": 2210.0
    },
    "weighted avg": {
        "precision": 0.9218083209684033,
        "recall": 0.9217194570135746,
        "f1-score": 0.9217586345928148,
        "support": 2210.0
    },
    "samples avg": {
        "precision": 0.9217194570135746,
        "recall": 0.9217194570135746,
        "f1-score": 0.9217194570135746,
        "support": 2210.0
    }
}